participant,Friendly,Respectful,Sympathy,CloseFeelings,Proud,Superior,Selfesteem,Topworld,Guilty,Indebted,Afraid,Ashamed,Disappointed,Frustrated,Angry,Sad,Trustworthy,Fair,Selfish,Cooperative,Competitive,Understanding,Caring,Envious,Altruistic,Empathetic,Trustworthy_others,Fair_others,Selfish_others,Cooperative_others,Competitive_others,Understanding_others,Caring_others,Envious_others,Altruistic_others,Empathetic_others,feel_others_behave,feel_others_influence,feel_others_reciprocity
c44hqhkk,2.0,3.0,2.0,3.0,0.0,0.0,2.0,0.0,1.0,0.0,0.0,2.0,4.0,3.0,1.0,1.0,3.0,4.0,2.0,2.0,4.0,2.0,2.0,1.0,3.0,4.0,4.0,3.0,1.0,4.0,3.0,3.0,3.0,0.0,2.0,1.0,5.0,5.0,5.0
4uom0ji5,5.0,5.0,5.0,5.0,5.0,0.0,2.0,0.0,0.0,0.0,0.0,0.0,0.0,0.0,0.0,0.0,5.0,5.0,0.0,5.0,0.0,5.0,5.0,0.0,0.0,5.0,5.0,5.0,0.0,5.0,0.0,5.0,5.0,0.0,0.0,5.0,5.0,0.0,5.0
eh8vlvj5,5.0,5.0,5.0,3.0,5.0,0.0,5.0,1.0,0.0,0.0,0.0,0.0,0.0,0.0,0.0,0.0,5.0,5.0,2.0,1.0,3.0,4.0,5.0,0.0,3.0,3.0,2.0,1.0,5.0,0.0,4.0,1.0,2.0,0.0,0.0,0.0,5.0,0.0,0.0
m910d9vm,3.0,3.0,2.0,1.0,0.0,1.0,1.0,1.0,5.0,3.0,3.0,4.0,5.0,4.0,3.0,3.0,2.0,0.0,0.0,0.0,0.0,0.0,0.0,0.0,0.0,0.0,1.0,1.0,5.0,1.0,2.0,1.0,2.0,4.0,1.0,1.0,0.0,0.0,0.0
po6m1j71,1.0,3.0,1.0,1.0,1.0,1.0,0.0,2.0,1.0,1.0,1.0,0.0,3.0,3.0,0.0,0.0,2.0,2.0,0.0,4.0,4.0,1.0,0.0,0.0,0.0,0.0,2.0,2.0,2.0,2.0,3.0,2.0,0.0,0.0,2.0,0.0,4.0,0.0,2.0
qmcg6viw,5.0,5.0,5.0,3.0,0.0,0.0,4.0,0.0,0.0,4.0,0.0,0.0,1.0,0.0,0.0,0.0,4.0,4.0,0.0,5.0,0.0,4.0,5.0,0.0,5.0,5.0,3.0,4.0,0.0,3.0,0.0,2.0,4.0,0.0,3.0,3.0,2.0,4.0,2.0
hanuv6to,2.0,4.0,4.0,3.0,2.0,3.0,4.0,3.0,1.0,1.0,0.0,0.0,1.0,3.0,0.0,0.0,4.0,4.0,1.0,4.0,1.0,3.0,4.0,1.0,1.0,3.0,3.0,4.0,2.0,3.0,2.0,1.0,3.0,1.0,3.0,2.0,4.0,5.0,4.0
vf9hkgw8,3.0,5.0,5.0,2.0,5.0,3.0,4.0,4.0,0.0,2.0,0.0,0.0,3.0,0.0,0.0,0.0,5.0,4.0,2.0,5.0,5.0,5.0,5.0,2.0,2.0,3.0,4.0,3.0,3.0,3.0,3.0,3.0,3.0,3.0,3.0,2.0,3.0,5.0,3.0
3jpa2tsb,3.0,5.0,4.0,3.0,1.0,0.0,1.0,0.0,1.0,4.0,0.0,1.0,2.0,3.0,1.0,4.0,4.0,3.0,2.0,1.0,0.0,3.0,3.0,0.0,1.0,0.0,4.0,3.0,0.0,1.0,0.0,2.0,3.0,0.0,1.0,0.0,5.0,2.0,5.0
c06578u3,4.0,4.0,4.0,3.0,4.0,3.0,4.0,5.0,0.0,1.0,0.0,0.0,0.0,0.0,0.0,0.0,5.0,5.0,0.0,5.0,4.0,4.0,4.0,0.0,0.0,0.0,3.0,3.0,0.0,3.0,3.0,3.0,3.0,0.0,0.0,0.0,3.0,2.0,4.0
0qkgkxqu,1.0,2.0,0.0,1.0,1.0,0.0,1.0,0.0,1.0,2.0,0.0,1.0,5.0,5.0,4.0,1.0,3.0,1.0,0.0,3.0,0.0,4.0,3.0,1.0,3.0,3.0,4.0,4.0,0.0,4.0,0.0,0.0,3.0,0.0,4.0,3.0,3.0,5.0,5.0
7mgk0lvg,4.0,4.0,4.0,4.0,4.0,3.0,4.0,2.0,1.0,3.0,3.0,1.0,1.0,4.0,4.0,3.0,4.0,4.0,1.0,4.0,4.0,4.0,3.0,1.0,3.0,4.0,2.0,2.0,1.0,2.0,1.0,3.0,2.0,0.0,2.0,2.0,3.0,3.0,2.0
5a74hpcq,2.0,2.0,2.0,1.0,0.0,0.0,2.0,0.0,1.0,4.0,4.0,2.0,4.0,4.0,0.0,0.0,3.0,3.0,1.0,3.0,1.0,3.0,0.0,1.0,1.0,3.0,5.0,5.0,0.0,5.0,0.0,5.0,5.0,0.0,0.0,2.0,4.0,1.0,4.0
m4n79t7e,2.0,5.0,3.0,0.0,0.0,0.0,1.0,0.0,5.0,4.0,5.0,5.0,5.0,5.0,5.0,5.0,1.0,3.0,1.0,3.0,5.0,3.0,3.0,5.0,3.0,4.0,3.0,3.0,3.0,3.0,3.0,3.0,3.0,3.0,3.0,3.0,1.0,3.0,4.0
cvpyewf5,5.0,5.0,5.0,5.0,5.0,5.0,5.0,5.0,0.0,0.0,0.0,0.0,0.0,0.0,0.0,0.0,5.0,5.0,0.0,5.0,5.0,5.0,5.0,5.0,5.0,5.0,5.0,5.0,0.0,5.0,5.0,5.0,5.0,5.0,5.0,5.0,5.0,5.0,5.0
30z6c0pj,3.0,2.0,2.0,0.0,0.0,0.0,1.0,0.0,0.0,0.0,0.0,0.0,0.0,3.0,0.0,0.0,1.0,1.0,1.0,1.0,1.0,1.0,1.0,0.0,0.0,0.0,0.0,1.0,1.0,1.0,1.0,1.0,1.0,0.0,0.0,0.0,2.0,2.0,2.0
bkprlx5j,2.0,2.0,2.0,2.0,1.0,0.0,2.0,0.0,0.0,3.0,1.0,1.0,0.0,0.0,0.0,0.0,1.0,1.0,1.0,2.0,1.0,1.0,0.0,0.0,1.0,1.0,1.0,2.0,0.0,2.0,2.0,1.0,3.0,1.0,2.0,2.0,4.0,1.0,3.0
3p3vz5tw,5.0,5.0,5.0,1.0,4.0,0.0,5.0,0.0,0.0,0.0,0.0,0.0,5.0,1.0,0.0,0.0,3.0,3.0,0.0,2.0,3.0,2.0,4.0,5.0,1.0,0.0,0.0,0.0,4.0,3.0,5.0,0.0,2.0,2.0,1.0,0.0,4.0,4.0,4.0
533dl0mk,5.0,5.0,5.0,0.0,0.0,0.0,5.0,0.0,0.0,0.0,0.0,0.0,5.0,5.0,1.0,3.0,5.0,5.0,0.0,5.0,0.0,5.0,5.0,0.0,5.0,5.0,5.0,5.0,0.0,5.0,3.0,5.0,5.0,0.0,5.0,5.0,5.0,2.0,0.0
z8ivhoj2,5.0,5.0,5.0,5.0,3.0,0.0,1.0,0.0,0.0,1.0,1.0,0.0,0.0,1.0,0.0,3.0,1.0,2.0,1.0,3.0,0.0,5.0,3.0,0.0,2.0,3.0,1.0,1.0,5.0,0.0,5.0,0.0,1.0,0.0,2.0,1.0,2.0,0.0,2.0
2y7ov0hm,4.0,4.0,4.0,2.0,3.0,3.0,3.0,4.0,2.0,2.0,0.0,0.0,0.0,2.0,0.0,0.0,3.0,3.0,1.0,3.0,2.0,4.0,4.0,0.0,3.0,3.0,1.0,2.0,1.0,2.0,2.0,2.0,2.0,0.0,2.0,1.0,2.0,1.0,1.0
k73gzya0,2.0,4.0,4.0,2.0,4.0,4.0,4.0,0.0,1.0,4.0,0.0,1.0,4.0,5.0,0.0,3.0,5.0,5.0,3.0,4.0,5.0,4.0,4.0,0.0,4.0,4.0,4.0,4.0,2.0,4.0,2.0,4.0,4.0,0.0,4.0,2.0,4.0,5.0,5.0
lxicvisr,4.0,5.0,4.0,1.0,0.0,3.0,5.0,3.0,0.0,0.0,0.0,0.0,0.0,1.0,0.0,0.0,5.0,5.0,0.0,5.0,0.0,5.0,5.0,0.0,5.0,5.0,1.0,0.0,0.0,1.0,0.0,0.0,2.0,0.0,0.0,0.0,1.0,2.0,1.0
vinl5gm0,5.0,5.0,4.0,5.0,0.0,3.0,3.0,2.0,2.0,1.0,4.0,0.0,1.0,0.0,1.0,1.0,3.0,5.0,1.0,4.0,2.0,3.0,3.0,0.0,3.0,4.0,5.0,3.0,1.0,3.0,2.0,3.0,3.0,0.0,3.0,4.0,3.0,3.0,4.0
vhrsv3y0,5.0,5.0,5.0,5.0,5.0,2.0,4.0,0.0,0.0,3.0,0.0,0.0,0.0,0.0,0.0,0.0,5.0,5.0,2.0,4.0,3.0,5.0,5.0,0.0,5.0,5.0,5.0,5.0,0.0,5.0,5.0,5.0,5.0,0.0,5.0,5.0,5.0,0.0,5.0
1ofn789g,4.0,5.0,5.0,3.0,4.0,2.0,4.0,2.0,0.0,1.0,1.0,0.0,0.0,0.0,0.0,0.0,5.0,4.0,1.0,4.0,4.0,4.0,4.0,0.0,1.0,3.0,4.0,4.0,1.0,4.0,4.0,3.0,3.0,1.0,1.0,4.0,4.0,2.0,3.0
a9le9b8n,5.0,5.0,5.0,0.0,5.0,5.0,5.0,5.0,4.0,0.0,0.0,0.0,5.0,5.0,5.0,0.0,5.0,5.0,4.0,5.0,5.0,5.0,2.0,1.0,5.0,5.0,5.0,4.0,5.0,5.0,4.0,3.0,4.0,0.0,5.0,4.0,1.0,3.0,2.0
vgyeq6rc,2.0,0.0,2.0,2.0,0.0,0.0,0.0,0.0,0.0,0.0,0.0,0.0,4.0,0.0,0.0,2.0,3.0,3.0,0.0,3.0,0.0,3.0,0.0,0.0,0.0,3.0,4.0,2.0,0.0,4.0,2.0,2.0,2.0,0.0,4.0,2.0,4.0,3.0,4.0
a7kf9doo,4.0,5.0,5.0,3.0,4.0,3.0,5.0,4.0,1.0,2.0,3.0,4.0,2.0,1.0,1.0,4.0,2.0,4.0,2.0,4.0,4.0,4.0,4.0,2.0,2.0,5.0,0.0,4.0,1.0,4.0,4.0,4.0,4.0,1.0,2.0,4.0,3.0,4.0,1.0
4tjim75m,5.0,5.0,5.0,4.0,5.0,0.0,5.0,3.0,0.0,1.0,0.0,0.0,0.0,0.0,0.0,0.0,5.0,5.0,0.0,5.0,0.0,5.0,5.0,0.0,5.0,5.0,5.0,5.0,0.0,5.0,0.0,5.0,5.0,0.0,5.0,5.0,3.0,5.0,3.0
bnsz9f1t,3.0,5.0,5.0,3.0,0.0,3.0,3.0,0.0,1.0,3.0,1.0,1.0,1.0,0.0,1.0,0.0,3.0,3.0,3.0,5.0,1.0,4.0,4.0,5.0,1.0,2.0,3.0,4.0,1.0,1.0,3.0,4.0,4.0,3.0,3.0,2.0,2.0,2.0,2.0
irwmyx1w,4.0,4.0,3.0,3.0,4.0,1.0,4.0,0.0,0.0,3.0,2.0,0.0,1.0,1.0,1.0,1.0,3.0,3.0,5.0,0.0,5.0,5.0,0.0,0.0,5.0,0.0,0.0,0.0,0.0,0.0,5.0,0.0,0.0,0.0,0.0,0.0,5.0,0.0,5.0
w6bkej05,5.0,5.0,4.0,5.0,3.0,2.0,3.0,2.0,1.0,5.0,2.0,0.0,0.0,0.0,0.0,0.0,5.0,4.0,0.0,5.0,4.0,2.0,4.0,0.0,3.0,2.0,5.0,5.0,0.0,5.0,2.0,4.0,5.0,0.0,4.0,4.0,5.0,5.0,4.0
qvjnnodq,4.0,4.0,4.0,3.0,2.0,1.0,4.0,2.0,0.0,1.0,0.0,0.0,0.0,1.0,0.0,1.0,4.0,2.0,1.0,4.0,0.0,4.0,4.0,0.0,4.0,4.0,0.0,0.0,0.0,0.0,0.0,0.0,0.0,0.0,0.0,0.0,0.0,0.0,0.0
8t5ghcr8,4.0,5.0,3.0,1.0,0.0,0.0,2.0,0.0,0.0,0.0,2.0,0.0,0.0,0.0,0.0,0.0,3.0,3.0,2.0,3.0,0.0,2.0,2.0,1.0,3.0,2.0,2.0,2.0,2.0,2.0,0.0,2.0,2.0,0.0,2.0,0.0,3.0,0.0,0.0
fusgwzuc,5.0,5.0,4.0,3.0,3.0,2.0,3.0,2.0,0.0,1.0,0.0,0.0,3.0,2.0,0.0,0.0,2.0,3.0,4.0,1.0,0.0,4.0,3.0,0.0,2.0,3.0,4.0,3.0,1.0,4.0,5.0,4.0,4.0,1.0,4.0,4.0,2.0,0.0,3.0
0vxd1ye6,5.0,5.0,5.0,5.0,2.0,1.0,3.0,1.0,1.0,5.0,1.0,1.0,0.0,1.0,1.0,1.0,5.0,5.0,0.0,5.0,0.0,5.0,1.0,0.0,5.0,3.0,5.0,5.0,0.0,5.0,0.0,5.0,5.0,0.0,5.0,3.0,5.0,2.0,5.0
recz3f6i,4.0,5.0,2.0,0.0,4.0,0.0,4.0,0.0,0.0,1.0,0.0,0.0,0.0,0.0,0.0,0.0,5.0,3.0,1.0,1.0,2.0,3.0,5.0,0.0,4.0,2.0,2.0,2.0,0.0,0.0,1.0,1.0,2.0,0.0,2.0,0.0,5.0,0.0,1.0
n9l6zode,2.0,4.0,1.0,0.0,3.0,3.0,4.0,0.0,0.0,0.0,0.0,0.0,2.0,4.0,2.0,0.0,5.0,1.0,4.0,1.0,1.0,2.0,2.0,0.0,1.0,1.0,0.0,0.0,0.0,0.0,0.0,0.0,0.0,0.0,0.0,0.0,0.0,0.0,0.0
wrfoq23t,5.0,5.0,5.0,4.0,5.0,0.0,5.0,5.0,0.0,2.0,1.0,0.0,1.0,1.0,0.0,1.0,3.0,4.0,4.0,2.0,4.0,4.0,4.0,0.0,5.0,4.0,3.0,3.0,3.0,3.0,3.0,3.0,3.0,3.0,3.0,3.0,4.0,0.0,0.0
ggy93tt0,3.0,2.0,1.0,0.0,1.0,0.0,2.0,0.0,0.0,0.0,0.0,1.0,3.0,4.0,2.0,1.0,5.0,4.0,4.0,3.0,5.0,4.0,3.0,3.0,1.0,1.0,1.0,3.0,4.0,0.0,5.0,2.0,1.0,2.0,1.0,1.0,5.0,0.0,3.0
dhct6yxc,1.0,5.0,2.0,3.0,5.0,3.0,4.0,4.0,1.0,0.0,0.0,1.0,5.0,5.0,4.0,4.0,3.0,4.0,5.0,5.0,5.0,3.0,4.0,5.0,2.0,2.0,0.0,3.0,3.0,3.0,2.0,0.0,3.0,5.0,2.0,0.0,2.0,1.0,0.0
8di32w89,4.0,2.0,2.0,0.0,0.0,0.0,0.0,0.0,0.0,2.0,0.0,0.0,2.0,3.0,4.0,0.0,4.0,3.0,1.0,2.0,5.0,3.0,3.0,2.0,2.0,1.0,1.0,3.0,5.0,0.0,5.0,0.0,0.0,1.0,2.0,2.0,0.0,0.0,0.0
kmnomq88,1.0,4.0,5.0,1.0,2.0,3.0,3.0,0.0,2.0,4.0,3.0,1.0,3.0,4.0,2.0,2.0,3.0,2.0,4.0,4.0,5.0,4.0,4.0,4.0,3.0,3.0,3.0,3.0,4.0,3.0,5.0,1.0,3.0,4.0,2.0,3.0,3.0,3.0,2.0
jbehsy2l,3.0,2.0,3.0,2.0,5.0,5.0,4.0,3.0,0.0,3.0,0.0,0.0,0.0,0.0,0.0,2.0,4.0,2.0,5.0,2.0,5.0,5.0,5.0,0.0,3.0,5.0,3.0,5.0,4.0,3.0,4.0,2.0,2.0,2.0,3.0,2.0,4.0,0.0,0.0
755ihklr,5.0,5.0,5.0,3.0,4.0,4.0,4.0,0.0,0.0,2.0,0.0,0.0,2.0,2.0,0.0,0.0,0.0,0.0,0.0,0.0,0.0,0.0,0.0,0.0,0.0,0.0,0.0,0.0,0.0,0.0,0.0,0.0,0.0,0.0,0.0,0.0,5.0,0.0,0.0
sqxbnbyh,0.0,5.0,0.0,3.0,5.0,0.0,5.0,0.0,0.0,0.0,0.0,0.0,0.0,2.0,0.0,0.0,0.0,0.0,5.0,0.0,0.0,0.0,0.0,0.0,0.0,5.0,5.0,5.0,5.0,5.0,5.0,5.0,0.0,0.0,0.0,5.0,5.0,0.0,0.0
cwsiv088,4.0,5.0,0.0,3.0,3.0,0.0,3.0,1.0,0.0,0.0,0.0,0.0,2.0,0.0,0.0,0.0,3.0,3.0,2.0,1.0,4.0,3.0,3.0,3.0,3.0,1.0,3.0,3.0,3.0,1.0,3.0,3.0,3.0,3.0,3.0,2.0,0.0,0.0,0.0
npx5kdo1,2.0,5.0,5.0,1.0,0.0,0.0,2.0,0.0,0.0,3.0,0.0,4.0,5.0,3.0,0.0,5.0,4.0,5.0,0.0,5.0,0.0,5.0,5.0,0.0,5.0,2.0,5.0,5.0,0.0,5.0,0.0,5.0,5.0,0.0,5.0,0.0,5.0,5.0,5.0
hcqlfr80,2.0,5.0,5.0,0.0,5.0,0.0,5.0,0.0,0.0,0.0,0.0,0.0,0.0,0.0,0.0,0.0,0.0,0.0,3.0,0.0,5.0,0.0,0.0,0.0,0.0,3.0,0.0,0.0,5.0,0.0,5.0,0.0,0.0,5.0,0.0,3.0,5.0,0.0,5.0
5x48cft9,0.0,0.0,0.0,0.0,0.0,0.0,3.0,0.0,0.0,0.0,0.0,2.0,4.0,4.0,4.0,0.0,2.0,3.0,1.0,4.0,2.0,3.0,4.0,2.0,3.0,3.0,1.0,2.0,4.0,1.0,4.0,2.0,2.0,2.0,1.0,1.0,1.0,0.0,0.0
y34k2058,3.0,5.0,3.0,1.0,4.0,2.0,4.0,0.0,0.0,0.0,0.0,1.0,5.0,5.0,3.0,2.0,1.0,4.0,3.0,1.0,3.0,1.0,3.0,1.0,1.0,1.0,1.0,3.0,4.0,0.0,0.0,0.0,0.0,0.0,0.0,0.0,0.0,0.0,0.0
e5dslszu,5.0,5.0,3.0,2.0,1.0,1.0,5.0,1.0,1.0,1.0,0.0,1.0,1.0,2.0,0.0,1.0,5.0,4.0,2.0,3.0,3.0,5.0,5.0,3.0,4.0,4.0,4.0,2.0,3.0,3.0,3.0,4.0,5.0,1.0,4.0,4.0,4.0,0.0,3.0
sio5egs8,4.0,3.0,3.0,1.0,1.0,2.0,2.0,0.0,1.0,5.0,3.0,4.0,5.0,3.0,0.0,1.0,3.0,1.0,1.0,2.0,4.0,4.0,4.0,4.0,3.0,5.0,4.0,3.0,2.0,4.0,4.0,3.0,3.0,0.0,3.0,4.0,4.0,4.0,4.0
kk2dnst3,4.0,4.0,4.0,2.0,4.0,3.0,2.0,3.0,0.0,3.0,2.0,1.0,4.0,2.0,1.0,4.0,2.0,3.0,3.0,2.0,3.0,3.0,3.0,2.0,2.0,3.0,2.0,3.0,3.0,3.0,3.0,3.0,3.0,3.0,3.0,2.0,3.0,3.0,3.0
qfez504n,1.0,1.0,1.0,1.0,1.0,1.0,1.0,1.0,1.0,1.0,1.0,1.0,1.0,2.0,1.0,1.0,1.0,1.0,1.0,1.0,1.0,1.0,1.0,1.0,1.0,1.0,0.0,1.0,1.0,1.0,1.0,1.0,1.0,1.0,1.0,1.0,1.0,0.0,0.0
kctcznuh,0.0,4.0,0.0,0.0,0.0,1.0,0.0,0.0,2.0,0.0,0.0,1.0,5.0,5.0,2.0,0.0,3.0,1.0,5.0,0.0,2.0,4.0,4.0,0.0,2.0,1.0,1.0,1.0,4.0,1.0,2.0,0.0,2.0,0.0,0.0,1.0,1.0,0.0,1.0
hak3hyfb,4.0,4.0,3.0,1.0,2.0,0.0,3.0,2.0,0.0,0.0,0.0,0.0,4.0,4.0,0.0,0.0,2.0,2.0,1.0,2.0,1.0,2.0,2.0,1.0,2.0,2.0,0.0,0.0,0.0,0.0,0.0,0.0,0.0,0.0,0.0,0.0,0.0,0.0,0.0
qigbyucs,4.0,4.0,4.0,4.0,0.0,3.0,4.0,3.0,0.0,0.0,0.0,0.0,5.0,4.0,3.0,0.0,3.0,3.0,2.0,2.0,3.0,3.0,2.0,0.0,0.0,3.0,3.0,3.0,0.0,3.0,3.0,2.0,3.0,1.0,3.0,2.0,4.0,0.0,2.0
cfqkk44n,0.0,2.0,0.0,1.0,0.0,0.0,0.0,0.0,0.0,2.0,0.0,1.0,5.0,3.0,1.0,0.0,1.0,3.0,0.0,2.0,1.0,0.0,2.0,0.0,2.0,1.0,2.0,2.0,0.0,3.0,1.0,0.0,0.0,0.0,1.0,0.0,3.0,3.0,1.0
g6rlpsqd,4.0,4.0,4.0,2.0,2.0,1.0,2.0,0.0,2.0,2.0,3.0,3.0,3.0,4.0,3.0,3.0,3.0,4.0,5.0,3.0,4.0,4.0,4.0,3.0,4.0,4.0,2.0,2.0,4.0,2.0,3.0,2.0,2.0,2.0,2.0,2.0,3.0,0.0,2.0
7ikvrizf,4.0,5.0,4.0,5.0,4.0,2.0,4.0,4.0,0.0,0.0,0.0,0.0,0.0,2.0,0.0,0.0,5.0,4.0,1.0,4.0,1.0,3.0,5.0,0.0,2.0,4.0,3.0,3.0,4.0,3.0,4.0,3.0,3.0,1.0,3.0,3.0,2.0,0.0,1.0
hj0tje14,3.0,0.0,4.0,0.0,0.0,0.0,3.0,0.0,0.0,0.0,0.0,0.0,1.0,3.0,0.0,0.0,2.0,3.0,0.0,2.0,0.0,3.0,2.0,0.0,3.0,2.0,1.0,0.0,4.0,1.0,3.0,0.0,1.0,0.0,1.0,1.0,0.0,0.0,0.0
hlsg0w3o,3.0,3.0,3.0,3.0,3.0,1.0,3.0,1.0,0.0,4.0,0.0,1.0,0.0,1.0,0.0,0.0,5.0,3.0,0.0,4.0,0.0,4.0,4.0,0.0,3.0,3.0,4.0,5.0,0.0,5.0,0.0,3.0,5.0,0.0,5.0,3.0,4.0,0.0,5.0
kcnkfe53,5.0,5.0,5.0,5.0,3.0,2.0,3.0,1.0,0.0,5.0,0.0,0.0,0.0,3.0,0.0,2.0,5.0,5.0,5.0,1.0,5.0,5.0,5.0,5.0,1.0,5.0,2.0,1.0,5.0,1.0,5.0,2.0,5.0,4.0,0.0,5.0,4.0,1.0,2.0
umhp4u3c,0.0,5.0,4.0,1.0,3.0,1.0,3.0,0.0,4.0,0.0,0.0,3.0,4.0,4.0,4.0,0.0,5.0,4.0,3.0,4.0,4.0,3.0,4.0,0.0,3.0,4.0,4.0,4.0,3.0,5.0,4.0,4.0,5.0,0.0,4.0,5.0,2.0,0.0,0.0
0tb1zyub,0.0,0.0,0.0,0.0,0.0,0.0,0.0,0.0,0.0,0.0,0.0,0.0,0.0,0.0,0.0,0.0,0.0,0.0,0.0,0.0,0.0,0.0,0.0,0.0,0.0,0.0,0.0,0.0,0.0,0.0,0.0,0.0,0.0,0.0,0.0,0.0,0.0,0.0,0.0
35mbhspw,0.0,0.0,2.0,4.0,1.0,1.0,1.0,1.0,0.0,2.0,0.0,0.0,3.0,3.0,0.0,0.0,5.0,0.0,0.0,5.0,5.0,1.0,3.0,0.0,5.0,0.0,5.0,0.0,0.0,4.0,4.0,3.0,5.0,0.0,4.0,0.0,4.0,5.0,4.0
baff6qqz,2.0,2.0,2.0,2.0,0.0,0.0,0.0,0.0,0.0,0.0,0.0,0.0,1.0,2.0,0.0,0.0,2.0,2.0,1.0,2.0,1.0,2.0,3.0,0.0,2.0,2.0,3.0,2.0,2.0,2.0,3.0,2.0,3.0,0.0,2.0,3.0,4.0,2.0,2.0
sbitebdh,4.0,5.0,3.0,0.0,2.0,2.0,4.0,3.0,0.0,0.0,0.0,0.0,0.0,4.0,0.0,0.0,1.0,1.0,5.0,2.0,5.0,3.0,2.0,0.0,2.0,2.0,3.0,2.0,3.0,2.0,4.0,2.0,2.0,2.0,1.0,1.0,2.0,1.0,1.0
xhawqnkj,5.0,5.0,5.0,2.0,1.0,0.0,0.0,0.0,2.0,4.0,3.0,3.0,3.0,3.0,0.0,4.0,4.0,3.0,3.0,5.0,0.0,5.0,5.0,0.0,5.0,5.0,5.0,5.0,0.0,5.0,5.0,5.0,5.0,0.0,5.0,5.0,5.0,1.0,5.0
mygdrzsq,3.0,3.0,3.0,3.0,3.0,3.0,3.0,2.0,0.0,2.0,0.0,0.0,0.0,3.0,0.0,1.0,3.0,3.0,0.0,3.0,3.0,3.0,3.0,3.0,3.0,3.0,3.0,3.0,3.0,3.0,3.0,3.0,3.0,0.0,3.0,3.0,5.0,4.0,5.0
qge9sfad,1.0,3.0,3.0,3.0,2.0,0.0,2.0,0.0,0.0,0.0,0.0,0.0,2.0,3.0,0.0,0.0,5.0,5.0,0.0,5.0,3.0,5.0,5.0,0.0,5.0,4.0,5.0,5.0,0.0,5.0,5.0,5.0,5.0,0.0,5.0,5.0,3.0,0.0,3.0
f146370g,3.0,4.0,3.0,4.0,2.0,0.0,1.0,0.0,0.0,0.0,0.0,3.0,0.0,5.0,3.0,0.0,2.0,5.0,1.0,5.0,4.0,4.0,3.0,0.0,5.0,2.0,3.0,5.0,4.0,5.0,2.0,3.0,1.0,3.0,3.0,1.0,5.0,5.0,4.0
f65ndzrx,4.0,3.0,4.0,4.0,1.0,2.0,3.0,3.0,1.0,1.0,0.0,0.0,5.0,5.0,4.0,3.0,5.0,4.0,1.0,5.0,1.0,3.0,4.0,1.0,2.0,4.0,4.0,3.0,0.0,5.0,1.0,3.0,5.0,1.0,4.0,4.0,5.0,4.0,5.0
06ji1sgp,1.0,5.0,5.0,0.0,0.0,2.0,3.0,1.0,0.0,0.0,1.0,0.0,5.0,5.0,2.0,1.0,5.0,5.0,3.0,5.0,4.0,5.0,5.0,5.0,4.0,3.0,0.0,0.0,0.0,0.0,4.0,1.0,0.0,1.0,0.0,0.0,0.0,0.0,0.0
qxxa4465,5.0,5.0,5.0,5.0,5.0,0.0,2.0,3.0,0.0,0.0,0.0,5.0,1.0,2.0,2.0,0.0,5.0,5.0,3.0,5.0,5.0,5.0,5.0,1.0,5.0,5.0,5.0,5.0,0.0,5.0,1.0,5.0,5.0,1.0,5.0,5.0,5.0,5.0,5.0
q2v19bmt,0.0,0.0,0.0,0.0,0.0,0.0,0.0,0.0,0.0,0.0,0.0,0.0,0.0,1.0,0.0,0.0,1.0,1.0,1.0,1.0,1.0,1.0,1.0,0.0,1.0,1.0,2.0,2.0,2.0,2.0,2.0,2.0,2.0,0.0,2.0,2.0,2.0,0.0,0.0
mp9zyhy1,3.0,2.0,2.0,3.0,0.0,0.0,2.0,0.0,0.0,0.0,0.0,0.0,2.0,0.0,0.0,0.0,3.0,2.0,0.0,3.0,0.0,3.0,1.0,0.0,1.0,0.0,2.0,3.0,0.0,0.0,0.0,3.0,2.0,0.0,1.0,0.0,3.0,0.0,3.0
7xc90k09,5.0,5.0,5.0,2.0,4.0,4.0,4.0,3.0,3.0,2.0,0.0,2.0,5.0,4.0,3.0,1.0,3.0,3.0,4.0,4.0,4.0,4.0,4.0,0.0,5.0,5.0,0.0,1.0,4.0,0.0,5.0,1.0,1.0,1.0,1.0,1.0,2.0,4.0,0.0
imq56rme,5.0,5.0,5.0,3.0,5.0,2.0,2.0,0.0,3.0,4.0,0.0,1.0,1.0,1.0,0.0,0.0,5.0,3.0,0.0,0.0,5.0,4.0,3.0,0.0,3.0,2.0,3.0,4.0,3.0,4.0,4.0,3.0,4.0,2.0,4.0,2.0,3.0,0.0,4.0
tk03llyd,5.0,5.0,5.0,3.0,3.0,4.0,5.0,5.0,2.0,0.0,0.0,1.0,5.0,3.0,4.0,4.0,5.0,5.0,2.0,4.0,5.0,5.0,5.0,0.0,5.0,5.0,0.0,4.0,4.0,3.0,5.0,1.0,4.0,3.0,2.0,3.0,0.0,5.0,3.0
ccc4jthn,5.0,4.0,5.0,4.0,4.0,3.0,5.0,4.0,1.0,2.0,0.0,0.0,1.0,0.0,0.0,1.0,4.0,3.0,2.0,4.0,4.0,4.0,5.0,1.0,2.0,1.0,3.0,4.0,2.0,4.0,3.0,3.0,3.0,1.0,1.0,2.0,4.0,3.0,3.0
7nv2zwq0,5.0,5.0,3.0,1.0,1.0,0.0,3.0,3.0,0.0,0.0,3.0,0.0,2.0,3.0,0.0,0.0,5.0,5.0,0.0,5.0,0.0,5.0,5.0,0.0,5.0,5.0,5.0,5.0,0.0,5.0,0.0,3.0,5.0,0.0,5.0,5.0,4.0,3.0,4.0
s4d30tqn,5.0,5.0,5.0,0.0,5.0,5.0,5.0,3.0,0.0,0.0,0.0,0.0,0.0,0.0,5.0,0.0,5.0,5.0,0.0,5.0,5.0,5.0,5.0,0.0,5.0,5.0,0.0,0.0,0.0,0.0,0.0,0.0,0.0,0.0,0.0,0.0,0.0,0.0,0.0
2qrr5wgk,0.0,0.0,0.0,0.0,0.0,0.0,0.0,0.0,0.0,0.0,0.0,0.0,5.0,4.0,5.0,5.0,3.0,5.0,4.0,5.0,5.0,2.0,5.0,0.0,3.0,0.0,3.0,5.0,2.0,0.0,3.0,1.0,0.0,1.0,5.0,0.0,0.0,0.0,2.0
ihmv6y04,2.0,2.0,2.0,1.0,0.0,0.0,2.0,1.0,1.0,2.0,2.0,0.0,2.0,4.0,1.0,2.0,4.0,2.0,3.0,4.0,3.0,3.0,4.0,0.0,2.0,2.0,1.0,1.0,3.0,1.0,1.0,2.0,3.0,0.0,3.0,2.0,5.0,1.0,2.0
c6a2nf6y,0.0,5.0,0.0,0.0,0.0,0.0,0.0,0.0,5.0,5.0,0.0,5.0,5.0,5.0,5.0,3.0,5.0,5.0,0.0,5.0,0.0,5.0,5.0,0.0,5.0,5.0,0.0,0.0,5.0,0.0,5.0,0.0,0.0,0.0,0.0,0.0,3.0,0.0,0.0
5s0kchnc,5.0,5.0,4.0,0.0,4.0,2.0,5.0,5.0,0.0,0.0,0.0,0.0,0.0,5.0,2.0,0.0,3.0,5.0,5.0,0.0,0.0,4.0,5.0,0.0,4.0,5.0,3.0,5.0,5.0,5.0,0.0,5.0,3.0,0.0,5.0,5.0,3.0,0.0,3.0
q2ebu0yx,5.0,4.0,2.0,5.0,3.0,2.0,3.0,3.0,0.0,4.0,0.0,0.0,2.0,1.0,3.0,0.0,5.0,3.0,1.0,4.0,5.0,4.0,4.0,5.0,5.0,5.0,4.0,4.0,5.0,0.0,3.0,0.0,4.0,0.0,0.0,4.0,4.0,4.0,4.0
qjaepuvg,5.0,5.0,1.0,1.0,1.0,0.0,3.0,0.0,3.0,4.0,0.0,0.0,4.0,1.0,3.0,1.0,5.0,5.0,2.0,5.0,5.0,5.0,5.0,2.0,5.0,4.0,5.0,5.0,1.0,5.0,5.0,5.0,5.0,1.0,5.0,5.0,4.0,1.0,3.0
chavl36u,3.0,3.0,5.0,0.0,5.0,3.0,5.0,3.0,0.0,0.0,0.0,0.0,5.0,5.0,5.0,5.0,5.0,5.0,0.0,5.0,5.0,0.0,5.0,5.0,3.0,3.0,0.0,0.0,5.0,0.0,0.0,0.0,0.0,3.0,3.0,0.0,0.0,2.0,2.0
ivpzij08,1.0,3.0,5.0,0.0,0.0,0.0,0.0,0.0,0.0,0.0,0.0,0.0,4.0,1.0,0.0,0.0,3.0,1.0,0.0,2.0,2.0,2.0,4.0,0.0,0.0,1.0,3.0,1.0,0.0,3.0,1.0,1.0,4.0,0.0,1.0,1.0,1.0,1.0,3.0
z25vwil1,2.0,5.0,3.0,1.0,3.0,1.0,1.0,0.0,4.0,5.0,5.0,4.0,4.0,4.0,4.0,5.0,4.0,3.0,5.0,3.0,4.0,2.0,2.0,1.0,2.0,4.0,0.0,2.0,5.0,0.0,5.0,0.0,0.0,0.0,0.0,0.0,2.0,0.0,0.0
iravx1ls,1.0,2.0,1.0,1.0,0.0,0.0,0.0,0.0,0.0,0.0,0.0,0.0,2.0,2.0,1.0,0.0,0.0,2.0,0.0,2.0,2.0,2.0,1.0,1.0,1.0,0.0,0.0,4.0,4.0,1.0,4.0,1.0,0.0,0.0,1.0,0.0,1.0,0.0,1.0
g64xrkpq,1.0,4.0,1.0,0.0,0.0,0.0,2.0,0.0,4.0,0.0,0.0,0.0,3.0,3.0,0.0,2.0,3.0,2.0,3.0,2.0,5.0,2.0,3.0,3.0,2.0,0.0,2.0,2.0,4.0,0.0,5.0,0.0,0.0,4.0,0.0,0.0,3.0,3.0,1.0
ah1fs3y5,5.0,5.0,5.0,1.0,3.0,0.0,4.0,3.0,0.0,0.0,0.0,0.0,1.0,0.0,0.0,1.0,3.0,3.0,2.0,3.0,4.0,3.0,4.0,0.0,4.0,5.0,0.0,4.0,5.0,0.0,5.0,0.0,3.0,0.0,3.0,4.0,0.0,0.0,0.0
kpfiiy5h,2.0,3.0,2.0,1.0,2.0,0.0,3.0,0.0,2.0,2.0,0.0,0.0,2.0,2.0,0.0,1.0,0.0,0.0,5.0,0.0,2.0,0.0,0.0,0.0,0.0,5.0,0.0,0.0,4.0,1.0,3.0,0.0,0.0,0.0,1.0,0.0,1.0,2.0,0.0
w58ygbq2,0.0,3.0,4.0,1.0,4.0,3.0,4.0,3.0,0.0,0.0,0.0,0.0,1.0,0.0,0.0,0.0,3.0,3.0,5.0,0.0,5.0,2.0,2.0,0.0,1.0,0.0,4.0,2.0,4.0,0.0,5.0,0.0,0.0,1.0,0.0,0.0,4.0,0.0,0.0
agl44166,0.0,1.0,2.0,0.0,3.0,1.0,3.0,0.0,0.0,0.0,0.0,0.0,4.0,3.0,2.0,3.0,4.0,3.0,0.0,5.0,0.0,3.0,5.0,0.0,4.0,1.0,0.0,0.0,5.0,0.0,5.0,0.0,0.0,0.0,0.0,0.0,0.0,3.0,0.0
e02tkzya,2.0,4.0,5.0,2.0,0.0,0.0,1.0,0.0,0.0,0.0,0.0,0.0,1.0,1.0,0.0,0.0,5.0,5.0,5.0,5.0,5.0,5.0,5.0,1.0,5.0,5.0,5.0,5.0,5.0,5.0,5.0,5.0,5.0,0.0,1.0,5.0,5.0,0.0,1.0
e7s6s4zu,0.0,3.0,3.0,0.0,0.0,0.0,0.0,0.0,0.0,0.0,0.0,0.0,5.0,5.0,0.0,0.0,3.0,5.0,5.0,0.0,5.0,4.0,3.0,0.0,0.0,2.0,0.0,0.0,0.0,0.0,0.0,0.0,0.0,0.0,0.0,0.0,5.0,4.0,2.0
yyujc6lt,1.0,4.0,4.0,3.0,1.0,0.0,1.0,0.0,0.0,0.0,0.0,0.0,4.0,3.0,4.0,0.0,5.0,5.0,0.0,5.0,3.0,0.0,5.0,0.0,5.0,5.0,4.0,4.0,0.0,1.0,4.0,4.0,4.0,0.0,1.0,4.0,5.0,2.0,3.0
4awj52m4,3.0,4.0,3.0,2.0,0.0,0.0,1.0,0.0,2.0,3.0,0.0,3.0,4.0,4.0,3.0,4.0,3.0,3.0,3.0,3.0,3.0,3.0,3.0,1.0,3.0,3.0,3.0,3.0,3.0,3.0,3.0,3.0,3.0,3.0,3.0,3.0,3.0,0.0,0.0
f6clg64i,4.0,4.0,1.0,3.0,1.0,4.0,2.0,4.0,3.0,2.0,1.0,2.0,4.0,0.0,2.0,1.0,4.0,5.0,3.0,5.0,5.0,5.0,5.0,4.0,3.0,5.0,5.0,4.0,3.0,5.0,5.0,4.0,5.0,4.0,5.0,4.0,4.0,3.0,3.0
1tcpk7zs,5.0,5.0,3.0,3.0,1.0,2.0,2.0,0.0,3.0,0.0,0.0,0.0,2.0,3.0,0.0,0.0,0.0,3.0,5.0,0.0,5.0,2.0,0.0,2.0,0.0,2.0,0.0,1.0,5.0,0.0,5.0,2.0,0.0,2.0,0.0,2.0,5.0,0.0,3.0
j9y5v5r2,2.0,3.0,2.0,2.0,0.0,1.0,3.0,1.0,2.0,1.0,0.0,2.0,5.0,5.0,3.0,3.0,2.0,1.0,4.0,0.0,2.0,2.0,2.0,2.0,3.0,2.0,0.0,0.0,5.0,0.0,3.0,0.0,0.0,0.0,0.0,0.0,5.0,0.0,0.0
iwx063ez,5.0,5.0,4.0,3.0,5.0,4.0,5.0,4.0,0.0,0.0,0.0,0.0,0.0,0.0,0.0,0.0,0.0,0.0,5.0,0.0,5.0,0.0,0.0,0.0,0.0,0.0,0.0,0.0,5.0,0.0,5.0,0.0,0.0,5.0,0.0,0.0,5.0,0.0,0.0
l0goeeao,2.0,4.0,3.0,3.0,3.0,2.0,3.0,3.0,2.0,2.0,3.0,2.0,2.0,3.0,3.0,1.0,4.0,3.0,3.0,3.0,3.0,2.0,3.0,1.0,3.0,2.0,3.0,2.0,3.0,4.0,3.0,3.0,4.0,1.0,3.0,2.0,3.0,4.0,3.0
k51uuv77,1.0,1.0,1.0,3.0,3.0,2.0,4.0,1.0,1.0,2.0,0.0,0.0,0.0,4.0,4.0,0.0,1.0,2.0,4.0,0.0,4.0,1.0,2.0,4.0,0.0,0.0,0.0,0.0,1.0,1.0,4.0,0.0,1.0,4.0,0.0,0.0,0.0,0.0,2.0
9ejt9n09,4.0,4.0,4.0,0.0,1.0,0.0,1.0,0.0,2.0,0.0,1.0,1.0,1.0,1.0,0.0,1.0,1.0,1.0,2.0,3.0,0.0,2.0,2.0,0.0,1.0,0.0,1.0,1.0,1.0,2.0,0.0,1.0,1.0,1.0,1.0,0.0,3.0,0.0,2.0
fhjkpb2m,3.0,3.0,3.0,1.0,4.0,2.0,3.0,2.0,0.0,0.0,0.0,0.0,0.0,1.0,0.0,0.0,5.0,4.0,2.0,4.0,3.0,3.0,5.0,0.0,2.0,4.0,1.0,2.0,1.0,4.0,5.0,5.0,4.0,1.0,1.0,1.0,3.0,2.0,4.0
tpjirfa9,4.0,3.0,3.0,3.0,3.0,3.0,5.0,0.0,4.0,3.0,0.0,0.0,0.0,2.0,0.0,0.0,5.0,5.0,2.0,4.0,4.0,4.0,3.0,2.0,4.0,2.0,1.0,3.0,2.0,3.0,3.0,3.0,3.0,0.0,2.0,2.0,3.0,0.0,2.0
ajuvauir,3.0,3.0,2.0,1.0,1.0,0.0,1.0,0.0,3.0,5.0,0.0,4.0,4.0,5.0,3.0,3.0,5.0,3.0,0.0,1.0,2.0,3.0,5.0,0.0,5.0,3.0,1.0,1.0,3.0,0.0,4.0,0.0,0.0,0.0,0.0,1.0,1.0,0.0,1.0
62ptoqi3,5.0,5.0,4.0,2.0,2.0,3.0,3.0,1.0,0.0,2.0,0.0,1.0,1.0,2.0,0.0,0.0,2.0,3.0,4.0,2.0,0.0,2.0,2.0,1.0,1.0,3.0,3.0,3.0,1.0,4.0,4.0,3.0,3.0,0.0,1.0,3.0,4.0,1.0,2.0
cx0bkdgh,4.0,5.0,5.0,5.0,4.0,0.0,5.0,3.0,0.0,0.0,1.0,0.0,0.0,0.0,0.0,0.0,5.0,5.0,2.0,4.0,0.0,5.0,5.0,0.0,5.0,5.0,0.0,5.0,5.0,5.0,5.0,5.0,5.0,0.0,0.0,5.0,0.0,0.0,0.0
sc1zstoj,3.0,3.0,3.0,4.0,3.0,1.0,3.0,0.0,4.0,3.0,0.0,0.0,4.0,5.0,0.0,0.0,3.0,4.0,3.0,1.0,5.0,3.0,3.0,1.0,3.0,2.0,3.0,3.0,4.0,3.0,3.0,2.0,3.0,0.0,3.0,3.0,4.0,3.0,2.0
6asjpdyu,3.0,5.0,5.0,1.0,4.0,0.0,3.0,2.0,0.0,0.0,0.0,0.0,1.0,1.0,3.0,1.0,5.0,5.0,0.0,5.0,5.0,5.0,5.0,0.0,3.0,0.0,5.0,5.0,0.0,5.0,1.0,5.0,5.0,0.0,5.0,0.0,0.0,0.0,0.0
4tixfnzs,1.0,5.0,4.0,3.0,3.0,0.0,5.0,1.0,0.0,3.0,0.0,1.0,3.0,4.0,1.0,0.0,5.0,3.0,0.0,5.0,5.0,5.0,5.0,0.0,5.0,1.0,3.0,1.0,4.0,4.0,2.0,4.0,4.0,1.0,4.0,4.0,0.0,4.0,2.0
d30zqwu6,1.0,3.0,2.0,3.0,5.0,2.0,5.0,0.0,2.0,0.0,0.0,0.0,0.0,0.0,0.0,0.0,2.0,3.0,0.0,4.0,0.0,2.0,1.0,0.0,2.0,1.0,3.0,2.0,0.0,4.0,0.0,1.0,1.0,3.0,3.0,3.0,2.0,4.0,3.0
8alemsyk,5.0,5.0,5.0,0.0,5.0,1.0,5.0,2.0,3.0,0.0,0.0,5.0,5.0,5.0,4.0,0.0,1.0,4.0,5.0,1.0,0.0,0.0,1.0,0.0,1.0,2.0,0.0,2.0,5.0,0.0,3.0,3.0,2.0,0.0,1.0,3.0,0.0,0.0,0.0
rm3efi3u,5.0,5.0,4.0,2.0,1.0,0.0,1.0,0.0,1.0,4.0,0.0,2.0,4.0,4.0,3.0,4.0,1.0,2.0,5.0,0.0,3.0,4.0,1.0,0.0,1.0,4.0,1.0,1.0,5.0,0.0,3.0,4.0,4.0,0.0,1.0,3.0,2.0,0.0,1.0
kjci0c4z,2.0,3.0,1.0,2.0,1.0,0.0,2.0,1.0,3.0,3.0,0.0,3.0,5.0,4.0,3.0,2.0,1.0,1.0,2.0,3.0,1.0,2.0,2.0,2.0,1.0,2.0,3.0,3.0,2.0,3.0,1.0,2.0,2.0,2.0,4.0,3.0,3.0,0.0,2.0
kpz1019z,5.0,5.0,5.0,2.0,0.0,3.0,5.0,0.0,0.0,0.0,0.0,0.0,4.0,4.0,0.0,1.0,5.0,3.0,0.0,4.0,4.0,5.0,4.0,0.0,3.0,5.0,2.0,2.0,0.0,4.0,3.0,4.0,5.0,0.0,2.0,3.0,3.0,3.0,3.0
4e9crhkt,2.0,5.0,2.0,1.0,1.0,0.0,1.0,0.0,3.0,3.0,0.0,3.0,4.0,4.0,0.0,0.0,5.0,2.0,2.0,2.0,2.0,4.0,5.0,2.0,1.0,4.0,5.0,3.0,0.0,3.0,3.0,2.0,5.0,1.0,3.0,1.0,5.0,3.0,4.0
gmwmubsv,5.0,5.0,0.0,5.0,5.0,0.0,5.0,1.0,0.0,1.0,1.0,5.0,1.0,1.0,0.0,0.0,5.0,5.0,0.0,0.0,5.0,5.0,1.0,5.0,5.0,1.0,5.0,5.0,5.0,0.0,0.0,5.0,5.0,0.0,5.0,5.0,5.0,5.0,5.0
u2065r53,4.0,5.0,3.0,4.0,0.0,0.0,3.0,0.0,2.0,2.0,0.0,1.0,4.0,1.0,2.0,0.0,3.0,4.0,0.0,5.0,1.0,4.0,3.0,0.0,0.0,3.0,4.0,5.0,0.0,5.0,1.0,4.0,4.0,0.0,0.0,4.0,4.0,5.0,4.0
ng9d27e3,4.0,5.0,5.0,2.0,2.0,0.0,3.0,0.0,3.0,4.0,2.0,4.0,4.0,4.0,0.0,3.0,3.0,4.0,0.0,1.0,0.0,5.0,5.0,2.0,5.0,5.0,3.0,5.0,0.0,5.0,0.0,3.0,5.0,0.0,5.0,4.0,4.0,0.0,4.0
4y8obeir,4.0,3.0,2.0,2.0,1.0,2.0,4.0,1.0,0.0,0.0,0.0,0.0,2.0,4.0,0.0,0.0,3.0,2.0,0.0,1.0,2.0,2.0,2.0,0.0,1.0,1.0,1.0,2.0,2.0,3.0,1.0,3.0,3.0,0.0,1.0,3.0,2.0,4.0,3.0
hr8230pe,5.0,5.0,2.0,2.0,1.0,0.0,0.0,0.0,4.0,5.0,1.0,2.0,5.0,5.0,0.0,2.0,4.0,5.0,3.0,5.0,1.0,4.0,5.0,0.0,4.0,3.0,4.0,3.0,4.0,4.0,3.0,4.0,5.0,0.0,4.0,3.0,4.0,0.0,0.0
7b02sh3f,3.0,5.0,3.0,4.0,0.0,0.0,0.0,0.0,4.0,5.0,3.0,4.0,1.0,5.0,0.0,0.0,5.0,5.0,1.0,4.0,0.0,5.0,5.0,0.0,5.0,5.0,5.0,5.0,0.0,5.0,0.0,2.0,4.0,0.0,5.0,3.0,5.0,5.0,5.0
ok0pl4fw,4.0,4.0,4.0,4.0,1.0,0.0,2.0,0.0,0.0,3.0,0.0,0.0,2.0,3.0,0.0,1.0,4.0,4.0,2.0,4.0,4.0,4.0,3.0,2.0,3.0,4.0,4.0,4.0,1.0,4.0,1.0,4.0,3.0,0.0,3.0,3.0,4.0,0.0,4.0
bd2h61ie,0.0,0.0,0.0,0.0,0.0,0.0,0.0,0.0,0.0,0.0,0.0,0.0,0.0,4.0,0.0,0.0,1.0,1.0,1.0,1.0,1.0,1.0,1.0,1.0,1.0,1.0,1.0,1.0,1.0,1.0,2.0,1.0,1.0,0.0,1.0,1.0,4.0,3.0,3.0
omg3i32s,1.0,3.0,2.0,2.0,0.0,1.0,2.0,2.0,1.0,3.0,0.0,1.0,4.0,4.0,1.0,2.0,3.0,3.0,3.0,3.0,5.0,4.0,2.0,4.0,2.0,3.0,3.0,2.0,4.0,3.0,3.0,4.0,2.0,3.0,1.0,2.0,3.0,3.0,1.0
mt2g3040,3.0,5.0,3.0,3.0,3.0,1.0,2.0,0.0,1.0,1.0,0.0,2.0,1.0,0.0,0.0,0.0,3.0,5.0,2.0,2.0,2.0,4.0,3.0,3.0,2.0,3.0,3.0,5.0,2.0,4.0,2.0,5.0,4.0,1.0,2.0,3.0,3.0,4.0,2.0
weqs0247,0.0,3.0,1.0,0.0,0.0,0.0,3.0,0.0,0.0,0.0,0.0,1.0,5.0,1.0,1.0,1.0,0.0,0.0,5.0,0.0,5.0,0.0,0.0,0.0,0.0,0.0,0.0,0.0,5.0,0.0,5.0,0.0,0.0,0.0,0.0,0.0,5.0,0.0,0.0
y8t7ef2f,4.0,5.0,2.0,2.0,0.0,2.0,2.0,0.0,2.0,2.0,0.0,3.0,5.0,4.0,3.0,4.0,2.0,2.0,5.0,1.0,3.0,2.0,3.0,1.0,0.0,1.0,0.0,0.0,5.0,1.0,4.0,0.0,0.0,0.0,0.0,0.0,2.0,0.0,0.0
xtljmpri,4.0,5.0,4.0,3.0,1.0,0.0,1.0,0.0,1.0,1.0,1.0,0.0,5.0,3.0,4.0,4.0,4.0,4.0,1.0,4.0,3.0,4.0,4.0,1.0,2.0,4.0,1.0,0.0,5.0,0.0,5.0,1.0,1.0,5.0,1.0,0.0,0.0,0.0,0.0
76ffuxtf,3.0,5.0,4.0,0.0,3.0,0.0,5.0,0.0,0.0,2.0,4.0,0.0,3.0,0.0,0.0,3.0,0.0,0.0,5.0,0.0,3.0,3.0,0.0,0.0,0.0,3.0,0.0,2.0,5.0,0.0,2.0,3.0,0.0,0.0,0.0,0.0,3.0,0.0,0.0
30owqsff,5.0,5.0,1.0,1.0,0.0,0.0,2.0,0.0,2.0,0.0,0.0,0.0,5.0,3.0,1.0,0.0,5.0,5.0,5.0,0.0,5.0,4.0,4.0,0.0,0.0,5.0,2.0,5.0,5.0,1.0,5.0,5.0,2.0,0.0,0.0,0.0,5.0,0.0,0.0
r9vxdxyg,5.0,5.0,5.0,4.0,5.0,1.0,3.0,1.0,0.0,0.0,0.0,0.0,0.0,0.0,0.0,0.0,0.0,5.0,5.0,0.0,5.0,5.0,5.0,0.0,0.0,5.0,5.0,5.0,5.0,0.0,5.0,0.0,5.0,0.0,0.0,0.0,2.0,0.0,0.0
fewfgqxf,5.0,5.0,4.0,2.0,3.0,1.0,2.0,0.0,0.0,4.0,1.0,0.0,3.0,4.0,1.0,5.0,5.0,3.0,3.0,4.0,3.0,3.0,5.0,0.0,4.0,4.0,2.0,2.0,5.0,2.0,5.0,1.0,1.0,0.0,1.0,1.0,1.0,0.0,1.0
1v6np7w7,5.0,5.0,0.0,5.0,5.0,0.0,1.0,0.0,0.0,0.0,0.0,0.0,5.0,5.0,5.0,5.0,5.0,5.0,0.0,5.0,0.0,5.0,5.0,0.0,0.0,0.0,1.0,2.0,5.0,5.0,5.0,0.0,3.0,5.0,2.0,0.0,0.0,5.0,0.0
dn6qk4ri,0.0,0.0,0.0,0.0,0.0,0.0,3.0,0.0,3.0,0.0,0.0,1.0,3.0,1.0,3.0,3.0,0.0,0.0,5.0,0.0,5.0,0.0,0.0,0.0,0.0,0.0,0.0,0.0,5.0,0.0,5.0,0.0,0.0,0.0,0.0,0.0,0.0,0.0,0.0
le4sc0fy,0.0,0.0,0.0,0.0,0.0,0.0,0.0,0.0,1.0,0.0,0.0,3.0,4.0,4.0,0.0,1.0,0.0,2.0,5.0,0.0,4.0,0.0,0.0,0.0,1.0,0.0,0.0,0.0,5.0,0.0,0.0,0.0,0.0,0.0,0.0,0.0,3.0,0.0,0.0
wijgo1u2,2.0,3.0,3.0,2.0,5.0,4.0,4.0,4.0,0.0,3.0,0.0,0.0,2.0,2.0,1.0,0.0,4.0,4.0,3.0,1.0,4.0,3.0,2.0,0.0,1.0,1.0,1.0,3.0,3.0,1.0,3.0,3.0,3.0,3.0,1.0,1.0,5.0,0.0,0.0
8oy0czi8,3.0,4.0,3.0,0.0,1.0,0.0,3.0,0.0,0.0,0.0,0.0,0.0,4.0,4.0,0.0,1.0,1.0,1.0,0.0,0.0,0.0,1.0,1.0,0.0,1.0,1.0,0.0,1.0,4.0,0.0,2.0,0.0,1.0,0.0,0.0,0.0,0.0,0.0,1.0
uykx1s50,2.0,3.0,2.0,0.0,4.0,0.0,3.0,1.0,1.0,0.0,0.0,0.0,1.0,1.0,0.0,0.0,2.0,2.0,4.0,0.0,4.0,2.0,3.0,0.0,1.0,1.0,0.0,1.0,5.0,0.0,5.0,1.0,1.0,0.0,1.0,3.0,0.0,0.0,0.0
15zyktnj,1.0,4.0,1.0,2.0,2.0,2.0,2.0,0.0,5.0,3.0,4.0,4.0,5.0,5.0,0.0,0.0,5.0,3.0,4.0,0.0,3.0,4.0,2.0,5.0,0.0,2.0,2.0,3.0,5.0,0.0,5.0,0.0,0.0,4.0,0.0,1.0,1.0,0.0,0.0
a7mz4itr,4.0,5.0,5.0,4.0,5.0,0.0,2.0,0.0,0.0,5.0,0.0,0.0,0.0,1.0,0.0,0.0,4.0,5.0,1.0,5.0,3.0,4.0,5.0,1.0,4.0,5.0,5.0,5.0,1.0,5.0,5.0,4.0,5.0,0.0,4.0,3.0,5.0,2.0,5.0
0r8xpi8i,4.0,5.0,2.0,1.0,5.0,3.0,3.0,3.0,3.0,3.0,2.0,2.0,0.0,0.0,2.0,0.0,2.0,3.0,4.0,1.0,4.0,2.0,3.0,2.0,1.0,4.0,2.0,3.0,5.0,1.0,4.0,2.0,2.0,1.0,1.0,1.0,3.0,0.0,2.0
yq6belky,4.0,5.0,0.0,5.0,0.0,0.0,1.0,2.0,5.0,1.0,0.0,5.0,1.0,5.0,5.0,5.0,5.0,5.0,0.0,5.0,5.0,5.0,5.0,0.0,5.0,5.0,0.0,0.0,0.0,0.0,5.0,0.0,0.0,4.0,0.0,0.0,0.0,0.0,0.0
lpy7wge0,3.0,3.0,3.0,2.0,1.0,1.0,2.0,0.0,0.0,1.0,0.0,0.0,0.0,0.0,0.0,0.0,3.0,3.0,1.0,4.0,2.0,4.0,4.0,0.0,3.0,4.0,1.0,1.0,4.0,2.0,3.0,2.0,1.0,3.0,1.0,2.0,3.0,4.0,3.0
sla7uug8,5.0,5.0,4.0,4.0,4.0,4.0,4.0,0.0,0.0,2.0,0.0,0.0,0.0,3.0,0.0,3.0,5.0,5.0,1.0,5.0,1.0,4.0,5.0,1.0,4.0,4.0,4.0,5.0,1.0,5.0,2.0,4.0,4.0,0.0,4.0,1.0,4.0,3.0,5.0
utg3das9,0.0,3.0,0.0,3.0,1.0,0.0,2.0,0.0,0.0,3.0,0.0,1.0,2.0,0.0,0.0,0.0,0.0,0.0,5.0,0.0,0.0,0.0,5.0,0.0,0.0,0.0,0.0,0.0,5.0,0.0,0.0,0.0,0.0,0.0,0.0,0.0,0.0,0.0,0.0
miavsey1,5.0,2.0,4.0,1.0,0.0,0.0,5.0,0.0,1.0,4.0,2.0,3.0,0.0,0.0,0.0,0.0,0.0,0.0,5.0,0.0,5.0,5.0,1.0,0.0,0.0,3.0,3.0,3.0,3.0,4.0,4.0,3.0,3.0,0.0,3.0,3.0,3.0,3.0,3.0
o20cpu3t,5.0,4.0,4.0,1.0,2.0,2.0,4.0,1.0,0.0,3.0,0.0,0.0,3.0,5.0,1.0,1.0,4.0,3.0,1.0,5.0,1.0,4.0,5.0,1.0,5.0,2.0,2.0,2.0,4.0,1.0,4.0,2.0,2.0,1.0,1.0,2.0,2.0,5.0,2.0
zs7079c3,0.0,0.0,0.0,0.0,0.0,0.0,0.0,0.0,0.0,0.0,0.0,0.0,2.0,2.0,0.0,0.0,0.0,1.0,3.0,1.0,3.0,0.0,2.0,0.0,0.0,0.0,0.0,2.0,0.0,2.0,0.0,0.0,0.0,0.0,0.0,0.0,1.0,0.0,1.0
63p5l0ns,2.0,4.0,5.0,5.0,1.0,2.0,5.0,2.0,3.0,4.0,0.0,2.0,5.0,5.0,4.0,4.0,5.0,4.0,0.0,5.0,5.0,3.0,3.0,0.0,5.0,4.0,4.0,5.0,1.0,4.0,3.0,4.0,5.0,2.0,5.0,4.0,4.0,5.0,4.0
l6vp3b2h,4.0,3.0,4.0,3.0,4.0,2.0,4.0,1.0,0.0,0.0,0.0,0.0,1.0,1.0,1.0,1.0,3.0,4.0,0.0,3.0,3.0,4.0,3.0,1.0,3.0,1.0,3.0,3.0,1.0,3.0,3.0,3.0,3.0,1.0,3.0,1.0,4.0,1.0,4.0
mtlpmvww,4.0,4.0,4.0,4.0,3.0,4.0,2.0,0.0,1.0,0.0,0.0,2.0,2.0,2.0,0.0,4.0,4.0,4.0,1.0,4.0,5.0,4.0,5.0,0.0,4.0,4.0,3.0,3.0,1.0,4.0,4.0,3.0,3.0,0.0,3.0,3.0,4.0,5.0,4.0
julfq5yo,2.0,4.0,3.0,0.0,2.0,2.0,1.0,0.0,0.0,0.0,0.0,0.0,1.0,0.0,0.0,0.0,5.0,5.0,0.0,4.0,2.0,5.0,5.0,0.0,5.0,5.0,0.0,0.0,0.0,0.0,0.0,0.0,0.0,0.0,0.0,0.0,0.0,0.0,0.0
3h7pyh30,4.0,4.0,3.0,1.0,0.0,2.0,2.0,2.0,0.0,1.0,0.0,1.0,5.0,3.0,4.0,4.0,4.0,1.0,1.0,5.0,1.0,2.0,3.0,1.0,5.0,2.0,1.0,0.0,4.0,3.0,1.0,0.0,1.0,2.0,1.0,1.0,0.0,1.0,0.0
mr5nc3m6,2.0,4.0,2.0,1.0,2.0,3.0,3.0,4.0,1.0,2.0,1.0,2.0,4.0,3.0,4.0,3.0,1.0,4.0,3.0,2.0,2.0,2.0,2.0,1.0,2.0,1.0,1.0,2.0,3.0,2.0,2.0,2.0,2.0,3.0,1.0,2.0,2.0,2.0,3.0
005fkt5i,5.0,5.0,5.0,3.0,3.0,3.0,5.0,2.0,2.0,4.0,0.0,0.0,2.0,1.0,1.0,5.0,5.0,5.0,4.0,3.0,3.0,1.0,4.0,2.0,2.0,3.0,2.0,3.0,4.0,3.0,4.0,3.0,3.0,3.0,2.0,3.0,2.0,4.0,2.0
1h15hs5i,0.0,4.0,4.0,4.0,4.0,0.0,1.0,0.0,0.0,3.0,0.0,4.0,0.0,0.0,0.0,0.0,5.0,5.0,5.0,5.0,4.0,5.0,4.0,1.0,5.0,5.0,5.0,5.0,1.0,5.0,3.0,4.0,4.0,0.0,4.0,3.0,5.0,5.0,4.0
ajovws7n,4.0,5.0,5.0,5.0,4.0,1.0,3.0,2.0,0.0,5.0,0.0,0.0,2.0,3.0,0.0,0.0,5.0,5.0,0.0,5.0,5.0,5.0,5.0,0.0,2.0,4.0,5.0,5.0,0.0,5.0,5.0,5.0,5.0,0.0,3.0,1.0,5.0,5.0,2.0
qua1kkz1,5.0,2.0,5.0,5.0,3.0,0.0,0.0,0.0,3.0,2.0,0.0,0.0,5.0,0.0,0.0,2.0,0.0,3.0,3.0,3.0,0.0,3.0,3.0,3.0,3.0,3.0,3.0,3.0,3.0,3.0,3.0,3.0,3.0,3.0,3.0,3.0,0.0,0.0,5.0
jod495jh,4.0,5.0,4.0,4.0,4.0,3.0,5.0,3.0,0.0,0.0,0.0,0.0,0.0,0.0,0.0,0.0,5.0,5.0,1.0,5.0,2.0,5.0,5.0,3.0,4.0,5.0,5.0,5.0,1.0,5.0,1.0,5.0,5.0,3.0,5.0,5.0,4.0,4.0,4.0
fdzisbow,4.0,4.0,2.0,3.0,0.0,2.0,3.0,0.0,0.0,0.0,1.0,0.0,4.0,1.0,0.0,0.0,3.0,5.0,2.0,2.0,4.0,4.0,1.0,0.0,2.0,4.0,3.0,4.0,2.0,3.0,1.0,5.0,3.0,0.0,0.0,1.0,5.0,2.0,5.0
anfq6ps9,2.0,1.0,4.0,3.0,1.0,0.0,4.0,2.0,1.0,0.0,0.0,0.0,0.0,4.0,2.0,3.0,4.0,4.0,4.0,4.0,4.0,4.0,4.0,4.0,4.0,4.0,4.0,2.0,4.0,2.0,5.0,4.0,4.0,2.0,3.0,4.0,2.0,4.0,3.0
onordlf7,5.0,3.0,5.0,5.0,2.0,0.0,2.0,0.0,0.0,0.0,0.0,0.0,0.0,0.0,0.0,0.0,0.0,5.0,0.0,5.0,1.0,5.0,3.0,0.0,5.0,4.0,0.0,0.0,0.0,5.0,0.0,0.0,2.0,0.0,0.0,0.0,1.0,0.0,3.0
dgeb6yhj,3.0,3.0,2.0,2.0,2.0,0.0,1.0,0.0,0.0,0.0,0.0,0.0,1.0,1.0,0.0,1.0,4.0,2.0,3.0,1.0,0.0,1.0,2.0,0.0,1.0,2.0,5.0,2.0,0.0,5.0,0.0,4.0,4.0,0.0,3.0,5.0,3.0,3.0,3.0
xfdcfumh,3.0,3.0,3.0,3.0,0.0,0.0,0.0,0.0,0.0,0.0,0.0,0.0,0.0,0.0,0.0,0.0,4.0,4.0,0.0,4.0,0.0,3.0,4.0,0.0,2.0,1.0,4.0,4.0,0.0,4.0,0.0,4.0,5.0,0.0,3.0,2.0,4.0,0.0,4.0
y0xwrqmt,3.0,5.0,5.0,1.0,0.0,0.0,3.0,0.0,0.0,0.0,0.0,0.0,1.0,1.0,0.0,0.0,2.0,0.0,1.0,5.0,0.0,1.0,1.0,0.0,2.0,1.0,1.0,1.0,3.0,2.0,0.0,2.0,1.0,0.0,1.0,1.0,2.0,2.0,2.0
e919j9dw,3.0,4.0,4.0,1.0,3.0,0.0,4.0,0.0,1.0,3.0,0.0,2.0,3.0,1.0,0.0,1.0,3.0,3.0,0.0,5.0,4.0,2.0,3.0,1.0,4.0,3.0,3.0,2.0,2.0,1.0,1.0,1.0,4.0,0.0,1.0,1.0,1.0,3.0,2.0
bibltahg,5.0,5.0,5.0,5.0,5.0,0.0,5.0,2.0,0.0,3.0,0.0,0.0,0.0,0.0,0.0,0.0,5.0,5.0,0.0,3.0,3.0,5.0,5.0,0.0,0.0,5.0,5.0,5.0,0.0,5.0,3.0,5.0,5.0,0.0,0.0,5.0,5.0,2.0,5.0
cju4mdg8,5.0,5.0,5.0,5.0,5.0,1.0,3.0,1.0,5.0,3.0,0.0,2.0,1.0,2.0,1.0,3.0,5.0,3.0,4.0,3.0,0.0,3.0,3.0,0.0,3.0,0.0,1.0,1.0,1.0,1.0,1.0,1.0,1.0,1.0,1.0,1.0,0.0,0.0,0.0
h6rtrx0b,4.0,5.0,4.0,5.0,4.0,1.0,5.0,4.0,0.0,1.0,0.0,0.0,0.0,0.0,0.0,0.0,5.0,5.0,1.0,2.0,3.0,3.0,5.0,0.0,5.0,5.0,4.0,4.0,1.0,4.0,0.0,2.0,4.0,0.0,4.0,3.0,4.0,4.0,3.0
ddo9och2,1.0,1.0,2.0,1.0,2.0,2.0,3.0,0.0,4.0,4.0,1.0,3.0,4.0,1.0,1.0,2.0,2.0,1.0,2.0,2.0,5.0,1.0,2.0,4.0,2.0,1.0,0.0,0.0,0.0,0.0,0.0,0.0,0.0,0.0,0.0,0.0,2.0,2.0,1.0
mpgqqarn,3.0,3.0,2.0,1.0,4.0,3.0,4.0,2.0,0.0,0.0,0.0,0.0,1.0,0.0,0.0,0.0,3.0,2.0,3.0,2.0,3.0,2.0,2.0,0.0,2.0,1.0,2.0,2.0,2.0,2.0,2.0,2.0,2.0,2.0,2.0,2.0,3.0,3.0,3.0
1qr4earx,4.0,4.0,4.0,4.0,2.0,0.0,4.0,0.0,0.0,4.0,0.0,0.0,0.0,1.0,0.0,0.0,4.0,4.0,2.0,5.0,4.0,4.0,4.0,0.0,4.0,3.0,3.0,3.0,1.0,4.0,0.0,3.0,4.0,0.0,3.0,3.0,3.0,3.0,3.0
tssh7ekk,3.0,4.0,3.0,3.0,3.0,3.0,4.0,3.0,0.0,0.0,0.0,0.0,3.0,3.0,2.0,0.0,2.0,2.0,2.0,2.0,3.0,2.0,2.0,0.0,2.0,1.0,0.0,0.0,0.0,0.0,0.0,0.0,0.0,0.0,0.0,0.0,0.0,0.0,0.0
gjavusdp,1.0,1.0,1.0,2.0,0.0,0.0,1.0,1.0,0.0,1.0,0.0,1.0,1.0,1.0,0.0,0.0,1.0,1.0,1.0,1.0,0.0,1.0,1.0,0.0,0.0,0.0,0.0,0.0,1.0,1.0,1.0,1.0,0.0,0.0,0.0,0.0,1.0,0.0,1.0
bxj3dezs,2.0,2.0,2.0,0.0,4.0,4.0,3.0,0.0,0.0,0.0,0.0,0.0,0.0,4.0,1.0,0.0,0.0,0.0,5.0,0.0,5.0,3.0,2.0,5.0,0.0,1.0,0.0,3.0,5.0,0.0,5.0,0.0,1.0,5.0,0.0,0.0,2.0,0.0,0.0
abasg799,0.0,3.0,5.0,0.0,3.0,5.0,3.0,3.0,0.0,5.0,0.0,0.0,0.0,0.0,0.0,0.0,5.0,3.0,5.0,0.0,5.0,3.0,0.0,0.0,0.0,0.0,3.0,3.0,5.0,0.0,5.0,0.0,3.0,0.0,0.0,0.0,5.0,0.0,0.0
ob85c7tp,3.0,3.0,4.0,1.0,1.0,0.0,0.0,0.0,2.0,1.0,3.0,2.0,4.0,4.0,3.0,0.0,3.0,3.0,1.0,3.0,0.0,4.0,3.0,1.0,3.0,3.0,1.0,2.0,3.0,3.0,0.0,2.0,2.0,0.0,2.0,2.0,1.0,4.0,1.0
f5dx7bmn,4.0,5.0,4.0,1.0,0.0,1.0,1.0,0.0,0.0,0.0,0.0,2.0,5.0,4.0,0.0,2.0,5.0,5.0,1.0,4.0,0.0,1.0,4.0,0.0,4.0,4.0,2.0,3.0,2.0,2.0,1.0,4.0,4.0,0.0,4.0,4.0,0.0,1.0,1.0
4dpf41pa,2.0,5.0,3.0,3.0,1.0,3.0,2.0,0.0,3.0,2.0,0.0,0.0,5.0,5.0,2.0,0.0,5.0,5.0,3.0,5.0,3.0,4.0,4.0,3.0,3.0,3.0,4.0,4.0,2.0,4.0,2.0,2.0,3.0,2.0,2.0,2.0,5.0,0.0,2.0
y96vymu3,5.0,5.0,5.0,1.0,2.0,5.0,1.0,1.0,0.0,0.0,3.0,0.0,2.0,5.0,3.0,5.0,5.0,2.0,3.0,3.0,5.0,5.0,5.0,5.0,3.0,5.0,0.0,0.0,5.0,0.0,5.0,0.0,0.0,0.0,0.0,0.0,0.0,0.0,0.0
blybfzf0,4.0,4.0,3.0,4.0,3.0,0.0,4.0,0.0,4.0,0.0,0.0,0.0,1.0,0.0,0.0,0.0,3.0,5.0,3.0,5.0,0.0,3.0,4.0,0.0,3.0,2.0,4.0,3.0,2.0,4.0,0.0,4.0,4.0,0.0,3.0,3.0,3.0,3.0,4.0
3najpd48,0.0,1.0,0.0,0.0,0.0,0.0,0.0,1.0,0.0,1.0,0.0,0.0,0.0,0.0,0.0,0.0,0.0,0.0,0.0,0.0,0.0,0.0,0.0,0.0,0.0,0.0,0.0,0.0,5.0,0.0,0.0,0.0,0.0,0.0,0.0,0.0,0.0,0.0,0.0
0656mxv4,4.0,5.0,4.0,0.0,2.0,0.0,0.0,0.0,0.0,1.0,0.0,0.0,0.0,1.0,0.0,0.0,1.0,4.0,5.0,0.0,4.0,3.0,4.0,0.0,3.0,0.0,0.0,2.0,5.0,0.0,5.0,0.0,1.0,1.0,0.0,0.0,1.0,0.0,0.0
n4wsjvg8,4.0,4.0,2.0,3.0,3.0,2.0,4.0,0.0,0.0,0.0,0.0,0.0,1.0,3.0,0.0,1.0,4.0,4.0,0.0,5.0,2.0,4.0,5.0,0.0,2.0,5.0,3.0,3.0,4.0,4.0,0.0,3.0,3.0,1.0,3.0,3.0,3.0,5.0,3.0
7hkc3i6w,3.0,5.0,4.0,1.0,0.0,1.0,3.0,1.0,0.0,0.0,0.0,0.0,5.0,5.0,0.0,0.0,5.0,5.0,2.0,5.0,0.0,2.0,4.0,0.0,4.0,4.0,1.0,2.0,2.0,2.0,2.0,1.0,3.0,0.0,1.0,1.0,1.0,1.0,2.0
dxl3cicp,0.0,5.0,0.0,1.0,0.0,0.0,4.0,0.0,0.0,0.0,0.0,0.0,1.0,0.0,0.0,0.0,0.0,5.0,5.0,3.0,0.0,4.0,5.0,0.0,3.0,0.0,0.0,4.0,5.0,0.0,0.0,0.0,0.0,0.0,0.0,0.0,4.0,0.0,4.0
vhzf4fm0,3.0,4.0,5.0,4.0,3.0,2.0,4.0,3.0,0.0,3.0,0.0,0.0,3.0,3.0,2.0,2.0,5.0,5.0,0.0,5.0,1.0,3.0,4.0,0.0,5.0,5.0,3.0,2.0,5.0,2.0,5.0,3.0,5.0,3.0,2.0,3.0,4.0,5.0,5.0
0dnfoplc,2.0,2.0,2.0,1.0,0.0,0.0,3.0,0.0,0.0,3.0,0.0,0.0,0.0,1.0,0.0,0.0,5.0,2.0,0.0,3.0,0.0,2.0,5.0,0.0,2.0,3.0,5.0,2.0,1.0,2.0,2.0,3.0,5.0,0.0,1.0,3.0,5.0,0.0,5.0
gtofswg9,0.0,4.0,2.0,0.0,0.0,0.0,0.0,0.0,0.0,0.0,0.0,4.0,2.0,2.0,0.0,4.0,0.0,0.0,0.0,0.0,2.0,1.0,2.0,2.0,1.0,1.0,4.0,4.0,4.0,4.0,4.0,4.0,4.0,4.0,4.0,4.0,4.0,0.0,0.0
kkd12bmo,5.0,5.0,5.0,3.0,1.0,0.0,1.0,0.0,2.0,1.0,3.0,4.0,2.0,4.0,3.0,4.0,3.0,3.0,0.0,1.0,0.0,2.0,2.0,1.0,2.0,4.0,2.0,2.0,1.0,3.0,3.0,3.0,3.0,1.0,3.0,3.0,2.0,0.0,2.0
gn2a5546,0.0,1.0,0.0,0.0,4.0,2.0,2.0,0.0,0.0,0.0,0.0,0.0,4.0,5.0,4.0,3.0,4.0,1.0,4.0,3.0,5.0,2.0,0.0,0.0,0.0,2.0,0.0,0.0,0.0,0.0,0.0,0.0,0.0,0.0,0.0,0.0,0.0,0.0,0.0
tn5yvl4x,3.0,5.0,3.0,3.0,2.0,0.0,5.0,0.0,1.0,2.0,0.0,0.0,0.0,2.0,0.0,0.0,3.0,2.0,3.0,2.0,3.0,2.0,2.0,0.0,2.0,1.0,4.0,3.0,1.0,3.0,2.0,3.0,3.0,0.0,3.0,3.0,3.0,0.0,3.0
vvd0qfhl,2.0,5.0,5.0,0.0,2.0,0.0,3.0,5.0,0.0,0.0,0.0,0.0,0.0,4.0,0.0,0.0,3.0,3.0,1.0,3.0,3.0,5.0,2.0,0.0,3.0,2.0,3.0,3.0,0.0,3.0,3.0,3.0,3.0,0.0,3.0,0.0,2.0,2.0,2.0
06cmho64,3.0,0.0,3.0,0.0,0.0,0.0,0.0,0.0,0.0,0.0,0.0,3.0,4.0,3.0,0.0,3.0,5.0,0.0,5.0,2.0,5.0,5.0,0.0,0.0,0.0,0.0,5.0,5.0,0.0,5.0,0.0,5.0,5.0,0.0,5.0,5.0,5.0,0.0,5.0
zvineh7l,0.0,5.0,2.0,2.0,0.0,0.0,0.0,0.0,0.0,0.0,0.0,0.0,5.0,2.0,0.0,0.0,3.0,5.0,5.0,0.0,5.0,0.0,3.0,3.0,0.0,0.0,0.0,0.0,0.0,0.0,0.0,0.0,0.0,0.0,0.0,0.0,0.0,0.0,0.0
scuzba47,5.0,5.0,5.0,3.0,2.0,0.0,3.0,0.0,5.0,0.0,0.0,5.0,5.0,5.0,0.0,5.0,5.0,5.0,0.0,5.0,0.0,5.0,5.0,0.0,5.0,5.0,5.0,5.0,0.0,5.0,0.0,5.0,5.0,0.0,5.0,5.0,3.0,3.0,3.0
lq59ig1q,5.0,4.0,5.0,0.0,5.0,0.0,5.0,0.0,0.0,0.0,0.0,0.0,0.0,0.0,0.0,0.0,0.0,0.0,4.0,2.0,0.0,0.0,3.0,0.0,1.0,0.0,0.0,0.0,4.0,0.0,0.0,0.0,0.0,0.0,0.0,0.0,0.0,0.0,0.0
rkw6xf0l,4.0,4.0,4.0,1.0,5.0,4.0,5.0,4.0,1.0,2.0,1.0,0.0,0.0,1.0,0.0,0.0,2.0,2.0,4.0,2.0,5.0,3.0,3.0,0.0,2.0,3.0,4.0,4.0,2.0,3.0,5.0,3.0,3.0,2.0,3.0,2.0,4.0,0.0,4.0
7p5ld64u,4.0,5.0,4.0,3.0,1.0,3.0,0.0,0.0,0.0,1.0,0.0,0.0,5.0,5.0,3.0,2.0,5.0,5.0,0.0,5.0,1.0,5.0,5.0,5.0,5.0,5.0,5.0,0.0,0.0,0.0,0.0,0.0,0.0,0.0,0.0,5.0,0.0,5.0,1.0
pk6ahnnd,5.0,5.0,3.0,5.0,1.0,0.0,2.0,0.0,1.0,0.0,0.0,0.0,3.0,2.0,1.0,0.0,5.0,5.0,0.0,5.0,3.0,4.0,5.0,0.0,0.0,4.0,4.0,3.0,3.0,3.0,4.0,3.0,3.0,0.0,0.0,4.0,3.0,3.0,3.0
lqzzlwl6,0.0,3.0,0.0,0.0,1.0,1.0,0.0,0.0,5.0,0.0,1.0,0.0,2.0,5.0,3.0,2.0,0.0,5.0,3.0,0.0,5.0,0.0,0.0,0.0,0.0,0.0,0.0,4.0,5.0,0.0,5.0,0.0,0.0,0.0,0.0,0.0,3.0,0.0,0.0
y5olkey3,1.0,5.0,0.0,0.0,0.0,0.0,0.0,0.0,0.0,0.0,0.0,4.0,5.0,5.0,5.0,5.0,5.0,5.0,5.0,3.0,5.0,5.0,5.0,5.0,5.0,5.0,5.0,5.0,5.0,5.0,5.0,5.0,5.0,5.0,5.0,5.0,0.0,0.0,1.0
qoasemvy,2.0,4.0,3.0,3.0,2.0,2.0,2.0,1.0,2.0,1.0,1.0,1.0,3.0,4.0,2.0,2.0,2.0,3.0,1.0,3.0,1.0,2.0,3.0,0.0,2.0,2.0,2.0,2.0,2.0,2.0,2.0,2.0,2.0,2.0,2.0,2.0,2.0,2.0,2.0
wvs904jl,4.0,5.0,4.0,5.0,4.0,1.0,2.0,1.0,1.0,4.0,0.0,1.0,1.0,4.0,0.0,1.0,5.0,5.0,3.0,4.0,1.0,4.0,5.0,0.0,3.0,5.0,4.0,4.0,2.0,5.0,1.0,4.0,4.0,0.0,5.0,4.0,5.0,2.0,5.0
zos66rqa,1.0,2.0,2.0,0.0,1.0,0.0,1.0,0.0,0.0,0.0,2.0,1.0,0.0,0.0,0.0,0.0,1.0,1.0,2.0,0.0,0.0,1.0,1.0,0.0,0.0,1.0,1.0,1.0,0.0,0.0,0.0,1.0,1.0,0.0,0.0,0.0,1.0,0.0,0.0
xcc6p4ej,5.0,3.0,4.0,2.0,1.0,1.0,2.0,0.0,3.0,1.0,0.0,2.0,5.0,5.0,1.0,2.0,5.0,4.0,1.0,5.0,1.0,2.0,5.0,0.0,4.0,5.0,5.0,1.0,1.0,2.0,1.0,2.0,3.0,0.0,2.0,3.0,0.0,2.0,1.0
81yfz83m,2.0,2.0,1.0,2.0,2.0,1.0,3.0,2.0,3.0,2.0,0.0,3.0,2.0,4.0,3.0,3.0,2.0,2.0,2.0,1.0,2.0,2.0,1.0,1.0,3.0,3.0,2.0,3.0,1.0,4.0,2.0,3.0,3.0,1.0,2.0,2.0,3.0,2.0,2.0
kwxc93ab,5.0,0.0,5.0,2.0,5.0,1.0,1.0,3.0,0.0,2.0,3.0,1.0,3.0,2.0,1.0,3.0,4.0,3.0,4.0,3.0,3.0,3.0,3.0,3.0,3.0,3.0,4.0,4.0,4.0,4.0,2.0,2.0,0.0,0.0,0.0,2.0,0.0,0.0,1.0
i3ope9ii,4.0,3.0,3.0,3.0,1.0,0.0,1.0,1.0,0.0,3.0,0.0,1.0,4.0,5.0,3.0,3.0,4.0,0.0,0.0,0.0,0.0,0.0,0.0,0.0,0.0,0.0,0.0,0.0,0.0,0.0,0.0,0.0,0.0,0.0,0.0,0.0,0.0,0.0,0.0
cvilyiwp,0.0,0.0,0.0,0.0,0.0,0.0,0.0,0.0,0.0,2.0,0.0,0.0,4.0,5.0,0.0,0.0,4.0,3.0,0.0,3.0,0.0,3.0,2.0,0.0,2.0,1.0,0.0,0.0,0.0,0.0,0.0,0.0,0.0,0.0,0.0,0.0,0.0,0.0,0.0
7v1nksz2,5.0,5.0,5.0,0.0,5.0,0.0,5.0,1.0,0.0,0.0,0.0,0.0,0.0,1.0,0.0,0.0,5.0,5.0,0.0,5.0,0.0,5.0,5.0,0.0,0.0,5.0,5.0,5.0,0.0,5.0,0.0,5.0,5.0,0.0,0.0,5.0,5.0,0.0,5.0
wkfcdjoj,4.0,4.0,4.0,2.0,1.0,0.0,2.0,0.0,0.0,1.0,0.0,2.0,3.0,4.0,1.0,1.0,3.0,3.0,1.0,3.0,0.0,4.0,4.0,1.0,3.0,3.0,2.0,3.0,2.0,3.0,2.0,2.0,4.0,0.0,3.0,3.0,3.0,1.0,2.0
3il8gpxd,4.0,3.0,3.0,0.0,3.0,0.0,0.0,0.0,0.0,0.0,0.0,0.0,0.0,0.0,0.0,0.0,3.0,3.0,1.0,3.0,3.0,3.0,3.0,0.0,0.0,2.0,2.0,3.0,0.0,3.0,2.0,3.0,3.0,0.0,0.0,3.0,2.0,0.0,4.0
majfvaur,3.0,4.0,2.0,1.0,0.0,0.0,2.0,0.0,0.0,2.0,0.0,0.0,3.0,5.0,1.0,1.0,4.0,3.0,1.0,4.0,0.0,3.0,5.0,0.0,1.0,4.0,3.0,4.0,0.0,4.0,0.0,5.0,4.0,0.0,4.0,4.0,1.0,0.0,2.0
oguibi1u,4.0,4.0,4.0,3.0,1.0,0.0,1.0,1.0,4.0,3.0,0.0,4.0,1.0,3.0,0.0,0.0,2.0,4.0,2.0,5.0,4.0,5.0,4.0,3.0,3.0,4.0,5.0,4.0,2.0,4.0,2.0,4.0,4.0,0.0,4.0,4.0,4.0,4.0,4.0
dsrq6erq,5.0,5.0,5.0,5.0,5.0,0.0,2.0,0.0,0.0,0.0,0.0,0.0,2.0,0.0,0.0,5.0,5.0,5.0,0.0,5.0,5.0,5.0,5.0,0.0,5.0,5.0,2.0,5.0,2.0,5.0,5.0,5.0,5.0,0.0,5.0,5.0,5.0,5.0,5.0
a0qcglk5,2.0,3.0,2.0,2.0,1.0,1.0,2.0,0.0,3.0,3.0,2.0,3.0,4.0,4.0,3.0,3.0,5.0,5.0,2.0,4.0,1.0,4.0,5.0,4.0,4.0,3.0,4.0,4.0,1.0,5.0,1.0,4.0,5.0,1.0,4.0,4.0,4.0,4.0,3.0
bkck64st,5.0,5.0,4.0,3.0,3.0,3.0,4.0,0.0,4.0,5.0,0.0,0.0,4.0,4.0,0.0,0.0,4.0,3.0,3.0,5.0,5.0,5.0,4.0,0.0,4.0,3.0,3.0,3.0,3.0,3.0,3.0,3.0,3.0,3.0,3.0,3.0,0.0,0.0,3.0
rj6jpsa7,1.0,3.0,1.0,1.0,1.0,1.0,2.0,0.0,0.0,0.0,3.0,2.0,5.0,5.0,2.0,3.0,0.0,0.0,0.0,0.0,4.0,1.0,1.0,1.0,0.0,0.0,0.0,0.0,0.0,0.0,0.0,0.0,0.0,0.0,0.0,0.0,1.0,0.0,0.0
boumewy7,3.0,3.0,3.0,3.0,2.0,0.0,3.0,1.0,2.0,3.0,0.0,3.0,5.0,5.0,4.0,4.0,3.0,3.0,3.0,3.0,1.0,3.0,3.0,3.0,3.0,3.0,3.0,3.0,3.0,3.0,3.0,3.0,3.0,3.0,3.0,3.0,3.0,3.0,2.0
ekqapb80,0.0,5.0,0.0,0.0,0.0,0.0,0.0,0.0,0.0,0.0,0.0,0.0,4.0,4.0,2.0,4.0,3.0,4.0,5.0,0.0,5.0,0.0,0.0,0.0,1.0,0.0,0.0,0.0,5.0,0.0,5.0,0.0,0.0,0.0,0.0,0.0,0.0,0.0,0.0
zx7qfiq1,4.0,5.0,4.0,4.0,3.0,0.0,4.0,3.0,0.0,2.0,0.0,0.0,0.0,0.0,0.0,0.0,5.0,5.0,3.0,3.0,2.0,4.0,5.0,0.0,4.0,3.0,4.0,4.0,3.0,3.0,2.0,3.0,4.0,1.0,4.0,3.0,3.0,1.0,3.0
4uxcj345,2.0,3.0,4.0,1.0,2.0,0.0,2.0,1.0,1.0,4.0,0.0,1.0,4.0,3.0,4.0,4.0,2.0,2.0,4.0,3.0,4.0,2.0,3.0,1.0,3.0,3.0,3.0,4.0,3.0,2.0,4.0,1.0,0.0,0.0,1.0,4.0,3.0,1.0,1.0
veifqk9l,2.0,5.0,3.0,0.0,2.0,3.0,3.0,3.0,0.0,0.0,0.0,0.0,3.0,4.0,1.0,1.0,2.0,3.0,3.0,0.0,3.0,0.0,0.0,0.0,0.0,0.0,0.0,2.0,5.0,0.0,2.0,0.0,0.0,0.0,0.0,0.0,0.0,2.0,0.0
yaevv5fd,3.0,5.0,5.0,0.0,1.0,3.0,4.0,2.0,0.0,0.0,3.0,1.0,5.0,5.0,5.0,5.0,4.0,4.0,0.0,5.0,0.0,5.0,4.0,1.0,4.0,4.0,0.0,0.0,5.0,0.0,5.0,0.0,0.0,4.0,0.0,0.0,0.0,1.0,0.0
5pvhcy3d,5.0,5.0,4.0,3.0,5.0,0.0,5.0,0.0,0.0,0.0,0.0,0.0,0.0,0.0,0.0,0.0,5.0,5.0,1.0,4.0,3.0,3.0,3.0,0.0,3.0,5.0,2.0,2.0,1.0,3.0,4.0,3.0,3.0,0.0,2.0,3.0,3.0,0.0,4.0
q18f0gj6,3.0,5.0,3.0,3.0,3.0,4.0,3.0,2.0,4.0,3.0,0.0,1.0,5.0,5.0,3.0,1.0,3.0,4.0,0.0,1.0,5.0,2.0,3.0,1.0,1.0,1.0,0.0,0.0,0.0,0.0,0.0,0.0,0.0,0.0,0.0,0.0,0.0,0.0,0.0
a5y5z6cb,1.0,2.0,2.0,1.0,1.0,0.0,3.0,0.0,4.0,0.0,3.0,4.0,5.0,5.0,3.0,4.0,0.0,5.0,5.0,0.0,5.0,0.0,0.0,3.0,0.0,0.0,0.0,0.0,3.0,0.0,4.0,0.0,0.0,0.0,0.0,0.0,0.0,0.0,0.0
ugs2hhsq,0.0,2.0,1.0,1.0,4.0,1.0,3.0,1.0,0.0,0.0,0.0,0.0,0.0,0.0,0.0,0.0,2.0,3.0,5.0,0.0,5.0,2.0,0.0,2.0,1.0,0.0,0.0,2.0,3.0,0.0,3.0,0.0,0.0,1.0,0.0,0.0,5.0,0.0,0.0
enl2q70g,4.0,4.0,5.0,0.0,5.0,0.0,5.0,0.0,0.0,0.0,0.0,0.0,1.0,4.0,0.0,0.0,5.0,5.0,3.0,2.0,4.0,5.0,5.0,0.0,1.0,5.0,5.0,5.0,5.0,0.0,5.0,2.0,2.0,5.0,1.0,2.0,0.0,0.0,0.0
ao2jrkqc,1.0,5.0,1.0,0.0,0.0,0.0,5.0,0.0,1.0,0.0,0.0,0.0,5.0,5.0,1.0,1.0,5.0,0.0,5.0,0.0,5.0,0.0,0.0,0.0,0.0,0.0,0.0,0.0,5.0,0.0,5.0,0.0,0.0,0.0,0.0,0.0,0.0,0.0,0.0
wrdvfkza,3.0,4.0,4.0,2.0,4.0,3.0,4.0,3.0,3.0,3.0,3.0,3.0,2.0,3.0,1.0,3.0,4.0,2.0,4.0,2.0,2.0,3.0,2.0,3.0,3.0,3.0,4.0,2.0,4.0,1.0,1.0,2.0,2.0,2.0,2.0,1.0,0.0,0.0,0.0
3lgqultw,3.0,5.0,3.0,1.0,0.0,0.0,3.0,1.0,4.0,0.0,0.0,1.0,5.0,4.0,0.0,4.0,4.0,3.0,4.0,5.0,2.0,0.0,5.0,3.0,1.0,0.0,4.0,4.0,3.0,4.0,1.0,4.0,4.0,0.0,3.0,4.0,0.0,0.0,0.0
olppcleu,2.0,2.0,2.0,2.0,0.0,1.0,2.0,1.0,4.0,4.0,1.0,4.0,5.0,5.0,2.0,2.0,2.0,2.0,3.0,2.0,3.0,2.0,2.0,3.0,2.0,2.0,2.0,2.0,3.0,3.0,3.0,2.0,2.0,2.0,2.0,2.0,2.0,1.0,2.0
21u7otc7,4.0,4.0,5.0,5.0,5.0,5.0,5.0,5.0,5.0,1.0,1.0,1.0,1.0,1.0,1.0,1.0,4.0,5.0,1.0,5.0,5.0,4.0,5.0,3.0,3.0,4.0,3.0,3.0,2.0,4.0,5.0,4.0,3.0,2.0,3.0,4.0,4.0,5.0,3.0
t9h6knl6,0.0,0.0,0.0,0.0,0.0,0.0,0.0,0.0,0.0,0.0,0.0,0.0,5.0,5.0,5.0,5.0,0.0,0.0,5.0,0.0,5.0,0.0,0.0,0.0,0.0,0.0,0.0,0.0,5.0,0.0,5.0,0.0,0.0,0.0,0.0,0.0,5.0,0.0,0.0
nj638g6o,4.0,5.0,4.0,4.0,3.0,0.0,3.0,1.0,0.0,2.0,0.0,0.0,0.0,0.0,0.0,0.0,4.0,3.0,4.0,0.0,5.0,0.0,2.0,0.0,1.0,4.0,1.0,0.0,5.0,0.0,2.0,1.0,0.0,0.0,1.0,0.0,4.0,0.0,5.0
83ectkd1,5.0,5.0,5.0,0.0,1.0,0.0,5.0,1.0,4.0,0.0,0.0,4.0,5.0,5.0,4.0,0.0,2.0,1.0,5.0,0.0,5.0,2.0,2.0,2.0,0.0,1.0,1.0,0.0,5.0,0.0,5.0,1.0,1.0,3.0,0.0,1.0,2.0,0.0,0.0
